,train_r2,test_r2,all_r2,train_rmse,test_rmse,train_nrmse,test_nrmse,all_nrmse,equation,simplicity
0,0.8991391124565459,0.8726822794853624,0.8937478175869575,3.8602791661364493,3.826238994557153,0.38175195898492087,0.4049319127516235,0.38726420913617815,"17.7 - 5.03e4*max(0,KDP-1.64) * max(0,RhoHV-0.987) - 2.13e4*max(0,RhoHV-1.00) * max(0,RhoHV-0.987) - 1.84e4*max(0,KDP-1.64) * max(0,RhoHV-0.971) + 1.65e4*max(0,0.924-RhoHV) * max(0,KDP-0.386) + 9863*max(0,KDP-1.33) * max(0,RhoHV-0.971) - 7778*max(0,RhoHV-0.971) * max(0,RhoHV-0.987) + 5935*max(0,0.955-RhoHV) * max(0,KDP-1.33) + 4944*max(0,KDP-0.386) * max(0,RhoHV-0.987) + 4206*max(0,RhoHV-1.00) * max(0,0.0720-KDP) + 1939*max(0,0.700-KDP) * max(0,RhoHV-0.987) - 1298*max(0,KDP-0.386) * max(0,RhoHV-0.971) - 1236*max(0,0.700-KDP) * max(0,RhoHV-0.971) + 1110*max(0,0.924-RhoHV) * max(0,0.700-KDP) + 1108*max(0,KDP-1.64) * max(0,KDP-1.33) - 1101*max(0,RhoHV-0.987) - 940*max(0,0.924-RhoHV) * max(0,0.0720-KDP) + 819*max(0,RhoHV-0.971) + 798*max(0,0.955-RhoHV) * max(0,0.0720-KDP) - 699*max(0,0.939-RhoHV) * max(0,0.0720-KDP) + 593*max(0,RhoHV-1.00) * max(0,0.700-KDP) - 541*max(0,0.924-RhoHV) - 513*max(0,0.955-RhoHV) * max(0,0.924-RhoHV) - 467*max(0,0.955-RhoHV) * max(0,KDP-0.386) - 352*max(0,0.0720-KDP) * max(0,RhoHV-0.987) + 297*max(0,ZDR-3.10) * max(0,RhoHV-0.971) + 258*max(0,0.0720-KDP) * max(0,RhoHV-0.971) - 208*max(0,KDP-1.64) * max(0,KDP-0.386) - 173*max(0,ZDR-3.10) * max(0,RhoHV-0.987) + 159*max(0,RhoHV-1.00) - 106*max(0,0.955-RhoHV) * max(0,0.700-KDP) + 103*max(0,ZDR-3.10) * max(0,KDP-0.386) - 95.3*max(0,0.939-RhoHV) + 93.1*max(0,ZDR-3.10) * max(0,0.955-RhoHV) - 87.9*max(0,KDP-0.386) * max(0,0.700-KDP) + 78.0*max(0,0.955-RhoHV) - 72.6*max(0,KDP-1.33) + 60.0*max(0,0.0720-KDP) - 51.5*max(0,ZDR-3.10) * max(0,0.924-RhoHV) - 35.0*max(0,0.700-KDP) * max(0,0.0720-KDP) - 32.8*max(0,0.700-KDP) - 30.8*max(0,KDP-0.0720) + 28.8*KDP**2 - 26.8*max(0,KDP-0.386) * max(0,KDP-1.33) + 15.6*max(0,KDP-1.64) + 13.6*max(0,ZDR-5.35) + 12.2*max(0,KDP-0.386) + 11.3*max(0,ZDR-3.10) * max(0,0.0720-KDP) + 10.3*max(0,0.971-RhoHV) - 9.15*max(0,ZDR-3.10) + 7.63*max(0,KDP-1.33) * max(0,RhoHV-0.987) + 6.34*max(0,ZDR-1.97) + 4.17*max(0,1.97-ZDR) - 3.31*max(0,ZDR-4.22) - 3.19*max(0,ZDR-0.849) - 3.19*max(0,-0.275-ZDR) - 3.00*max(0,0.849-ZDR) + 2.99*max(0,ZDR-3.10) * max(0,0.700-KDP) - 1.59*KDP + 0.697*max(0,KDP-1.01) + 0.453*max(0,Z-34.9) + 0.391*max(0,Z-29.4) - 0.304*max(0,Z-45.8) + 0.187*max(0,Z-23.9) - 0.0560*max(0,18.5-Z) - 0.0440*max(0,40.4-Z) + 0.00887*max(0,Z-18.5)",-4.1
1,0.8886450169592166,0.879892806774448,0.8860796629241174,3.798553793468975,4.509625614615565,0.3895051359970417,0.42837449358210783,0.4009950970123327,"-18.3 - 6.58e6*max(0,KDP-0.655) * max(0,0.924-RhoHV) + 8.76e4*max(0,KDP-1.56) * max(0,RhoHV-0.987) - 8.30e4*max(0,KDP-1.56) * max(0,RhoHV-0.972) - 2.33e4*max(0,0.956-RhoHV) * max(0,0.940-RhoHV) + 1.70e4*max(0,KDP-1.26) * max(0,0.940-RhoHV) - 1.51e4*max(0,KDP-0.354) * max(0,0.924-RhoHV) + 1.18e4*max(0,0.924-RhoHV) * max(0,0.956-RhoHV) - 1.04e4*max(0,KDP-0.957) * max(0,0.940-RhoHV) - 9233*max(0,KDP-1.26) * max(0,0.956-RhoHV) + 7443*max(0,KDP-0.354) * max(0,RhoHV-0.987) - 5964*max(0,KDP-1.26) * max(0,0.972-RhoHV) + 5957*max(0,0.972-RhoHV) * max(0,0.956-RhoHV) + 5100*max(0,KDP-0.957) * max(0,0.956-RhoHV) + 4974*max(0,KDP-0.957) * max(0,0.972-RhoHV) - 4750*max(0,KDP-0.655) * max(0,0.956-RhoHV) - 4494*max(0,RhoHV-0.972) * max(0,RhoHV-0.987) - 4463*max(0,KDP-0.655) * max(0,0.940-RhoHV) + 3669*max(0,KDP-0.354) * max(0,0.940-RhoHV) - 3624*max(0,KDP-0.655) * max(0,RhoHV-0.987) - 3442*max(0,0.924-RhoHV) * max(0,0.940-RhoHV) - 3005*max(0,KDP-0.354) * max(0,RhoHV-0.972) - 2806*max(0,KDP-1.26) * max(0,RhoHV-0.987) + 2792*max(0,0.0528-KDP) * max(0,0.940-RhoHV) + 2741*max(0,KDP-0.655) * max(0,RhoHV-0.972) - 2466*KDP * max(0,RhoHV-0.987) - 2433*max(0,0.0528-KDP) * max(0,0.956-RhoHV) + 2113*max(0,KDP-0.957) * max(0,RhoHV-0.972) + 2082*max(0,KDP-1.26) * max(0,KDP-1.56) + 1904*KDP * max(0,0.940-RhoHV) + 1693*KDP * max(0,RhoHV-0.972) + 1470*max(0,0.0528-KDP) * max(0,RhoHV-0.972) - 1394*KDP * max(0,0.956-RhoHV) + 1321*max(0,KDP-1.56) - 1234*max(0,0.0528-KDP) * max(0,0.924-RhoHV) - 1170*KDP * max(0,0.924-RhoHV) + 1007*max(0,0.0528-KDP) * max(0,0.972-RhoHV) + 866*max(0,KDP-0.655) * max(0,0.972-RhoHV) - 857*max(0,KDP-0.957) * max(0,KDP-1.56) - 829*max(0,0.0528-KDP) * max(0,RhoHV-0.987) + 738*max(0,KDP-0.354) * max(0,0.956-RhoHV) - 583*max(0,KDP-0.957) * max(0,RhoHV-0.987) - 440*max(0,KDP-1.26) * max(0,RhoHV-0.972) + 368*max(0,0.924-RhoHV) + 362*KDP * max(0,0.972-RhoHV) - 335*max(0,KDP-0.655) * max(0,KDP-1.56) + 287*max(0,KDP-1.26) * max(0,KDP-0.655) + 281*max(0,RhoHV-0.987) + 256*max(0,0.940-RhoHV) + 214*max(0,KDP-0.655) - 195*max(0,KDP-0.354) * max(0,0.972-RhoHV) - 178*KDP * max(0,KDP-0.655) - 157*max(0,KDP-0.354) * max(0,KDP-0.655) - 143*max(0,RhoHV-0.972) + 139*max(0,KDP-0.957) + 83.7*max(0,RhoHV-1.00) - 76.7*KDP * max(0,KDP-1.56) + 76.1*max(0,KDP-0.957) * KDP - 74.6*max(0,0.972-RhoHV) - 62.3*max(0,KDP-0.957) * max(0,KDP-0.655) - 50.7*max(0,KDP-1.26) + 49.8*max(0,0.0528-KDP) * KDP + 37.0*max(0,0.354-KDP) + 33.4*max(0,0.972-RhoHV) * max(0,0.924-RhoHV) + 32.1*max(0,KDP-1.26) * KDP + 17.9*KDP + 12.0*abs(KDP) - 11.2*max(0,0.0528-KDP) - 8.15*max(0,0.655-KDP) + 7.92*KDP**2 + 6.14*max(0,KDP-0.354) * max(0,KDP-1.56) + 5.85*max(0,ZDR-1.97) - 5.31*max(0,0.849-ZDR) + 5.13*max(0,1.97-ZDR) - 4.55*max(0,ZDR-3.10) + 4.46*max(0,ZDR-5.35) - 2.74*max(0,Z-45.7) + 2.40*max(0,KDP-0.354) + 1.25*max(0,KDP-0.957) * max(0,KDP-1.26) - 1.22*abs(ZDR) - 1.12*max(0,ZDR-0.849) + 0.544*max(0,0.956-RhoHV) + 0.412*max(0,Z-34.7) + 0.183*Z + 0.172*max(0,29.2-Z) + 0.130*max(0,18.2-Z) + 0.113*max(0,Z-29.2) + 0.104*max(0,Z-40.2) + 0.0971*max(0,ZDR-4.22) + 0.0827*max(0,23.7-Z) + 0.00928*max(0,-0.275-ZDR) + 0.00455*Z**2",-4.3
2,0.8971203099503112,0.855339277011515,0.8863469732431726,3.76964124935627,4.5654504540943215,0.37612463386225625,0.4697981686815984,0.4005243598135079,"11.6 + 2.60e5*max(0,KDP-1.33) * max(0,0.955-RhoHV) + 5.39e4*max(0,KDP-1.01) * max(0,0.939-RhoHV) - 4.91e4*max(0,KDP-1.33) * max(0,RhoHV-0.987) - 3.33e4*max(0,KDP-1.01) * max(0,0.955-RhoHV) + 1.55e4*max(0,0.939-RhoHV) * max(0,0.924-RhoHV) + 1.52e4*max(0,KDP-0.386) * max(0,0.924-RhoHV) - 9276*max(0,KDP-1.33) * max(0,0.971-RhoHV) + 7984*max(0,KDP-1.33) * max(0,RhoHV-0.971) + 7451*max(0,KDP-1.01) * max(0,0.971-RhoHV) + 5488*max(0,0.971-RhoHV) * max(0,0.955-RhoHV) + 4821*max(0,KDP-1.01) * max(0,RhoHV-0.971) + 4625*max(0,KDP-0.386) * max(0,0.939-RhoHV) + 4514*max(0,KDP-0.386) * max(0,RhoHV-0.987) - 3470*max(0,KDP-0.386) * max(0,0.955-RhoHV) - 3399*max(0,0.939-RhoHV) * max(0,0.955-RhoHV) - 3147*max(0,0.0720-KDP) * max(0,0.924-RhoHV) - 2344*max(0,0.924-RhoHV) * max(0,0.971-RhoHV) - 2036*max(0,RhoHV-0.971) * max(0,RhoHV-0.987) - 1872*max(0,KDP-1.01) * max(0,RhoHV-0.987) - 1592*KDP * max(0,0.924-RhoHV) - 1480*max(0,KDP-0.386) * max(0,RhoHV-0.971) - 1458*max(0,0.939-RhoHV) * max(0,0.971-RhoHV) - 1216*max(0,0.924-RhoHV) * max(0,0.955-RhoHV) + 1155*KDP * max(0,RhoHV-0.971) + 1044*max(0,0.0720-KDP) * max(0,0.971-RhoHV) + 958*max(0,ZDR-2.23) * max(0,RhoHV-0.987) - 888*KDP * max(0,RhoHV-0.987) + 852*max(0,0.0720-KDP) * max(0,RhoHV-0.987) - 717*max(0,ZDR-2.23) * max(0,RhoHV-0.971) + 659*max(0,ZDR-2.23) * max(0,0.955-RhoHV) - 623*max(0,ZDR-2.23) * max(0,0.971-RhoHV) + 601*max(0,0.0720-KDP) * max(0,RhoHV-0.971) + 598*max(0,KDP-0.386) * max(0,0.971-RhoHV) + 488*KDP * max(0,0.955-RhoHV) + 270*max(0,0.0720-KDP) * max(0,0.939-RhoHV) - 217*max(0,0.955-RhoHV) + 205*max(0,KDP-1.33) + 176*max(0,KDP-1.64) - 155*max(0,0.924-RhoHV) - 121*max(0,0.0720-KDP) * max(0,0.955-RhoHV) - 74.4*KDP * max(0,KDP-1.33) - 69.2*max(0,KDP-1.01) * max(0,KDP-1.33) - 51.3*max(0,ZDR-2.23) * max(0,0.939-RhoHV) - 48.3*max(0,RhoHV-0.987) - 44.9*max(0,KDP-1.01) * KDP - 38.9*max(0,KDP-1.01) - 35.8*max(0,0.939-RhoHV) - 30.7*max(0,ZDR-2.23) * max(0,0.924-RhoHV) + 26.4*KDP * max(0,0.939-RhoHV) + 21.5*max(0,KDP-0.386) + 17.2*KDP**2 + 16.8*max(0,ZDR-2.23) - 15.8*max(0,0.700-KDP) - 11.2*max(0,KDP-0.0720) - 8.97*KDP * max(0,0.0720-KDP) - 7.72*max(0,RhoHV-0.971) + 7.39*KDP * max(0,0.971-RhoHV) - 5.28*max(0,ZDR-3.29) + 5.17*max(0,0.0720-KDP) - 5.07*max(0,0.117-ZDR) + 3.87*max(0,ZDR-4.35) - 3.32*max(0,ZDR-1.18) + 3.29*max(0,2.23-ZDR) - 2.36*max(0,0.971-RhoHV) - 1.86*KDP + 0.920*max(0,1.01-KDP) + 0.786*max(0,Z-30.6) - 0.780*max(0,KDP-0.386) * max(0,KDP-1.33) - 0.709*max(0,KDP-0.386) * KDP + 0.642*max(0,Z-35.8) - 0.345*max(0,30.6-Z) - 0.311*max(0,ZDR-5.41) + 0.295*max(0,20.3-Z) + 0.283*max(0,25.5-Z) - 0.271*max(0,Z-41.0) - 0.269*max(0,41.0-Z) + 0.174*Z - 0.141*max(0,Z-46.1) - 0.0318*max(0,Z-25.5) - 0.00782*Z**2",-4.2
3,0.9000676758871751,0.900508047918406,0.9001804370395436,3.7212987359461396,3.769337149508004,0.37390775290117856,0.3796941973908649,0.3753585077486734,"-6.19 - 3.48e4*max(0,RhoHV-1.00) * max(0,RhoHV-0.987) - 1.27e4*max(0,KDP-1.56) * max(0,RhoHV-0.987) + 1.17e4*max(0,KDP-0.354) * max(0,0.924-RhoHV) + 1.04e4*max(0,0.0528-KDP) * max(0,RhoHV-1.00) + 9005*KDP * max(0,RhoHV-1.00) - 8877*max(0,KDP-1.56) * max(0,RhoHV-0.972) + 6241*max(0,KDP-0.354) * max(0,RhoHV-0.987) + 5940*max(0,KDP-1.26) * max(0,RhoHV-0.972) - 5369*max(0,KDP-0.957) * max(0,RhoHV-0.987) - 3654*max(0,RhoHV-0.972) * max(0,RhoHV-0.987) - 3075*max(0,KDP-1.26) * max(0,RhoHV-0.987) - 2966*max(0,ZDR-1.97) * max(0,RhoHV-1.00) - 2090*KDP * max(0,RhoHV-0.987) - 2058*max(0,0.0528-KDP) * max(0,0.924-RhoHV) - 1903*max(0,KDP-0.354) * max(0,RhoHV-0.972) - 1438*KDP * max(0,0.924-RhoHV) + 1334*KDP * max(0,RhoHV-0.972) + 1018*max(0,RhoHV-0.987) - 649*max(0,1.97-ZDR) * max(0,RhoHV-0.987) + 487*max(0,0.0528-KDP) * max(0,RhoHV-0.987) + 472*max(0,1.97-ZDR) * max(0,RhoHV-1.00) - 383*max(0,RhoHV-0.972) - 331*max(0,ZDR-1.97) * max(0,RhoHV-0.987) + 246*max(0,1.97-ZDR) * max(0,RhoHV-0.972) + 241*max(0,KDP-0.957) * max(0,RhoHV-0.972) + 222*max(0,0.0528-KDP) * max(0,RhoHV-0.972) + 173*max(0,KDP-0.957) * max(0,KDP-1.26) + 159*max(0,0.924-RhoHV) + 124*max(0,ZDR-1.97) * max(0,RhoHV-0.972) - 73.6*KDP * max(0,KDP-1.26) + 52.1*max(0,KDP-1.56) + 50.7*max(0,ZDR-1.97) * max(0,0.924-RhoHV) - 43.3*max(0,KDP-1.26) + 40.2*max(0,KDP-0.354) * max(0,KDP-1.26) + 33.0*max(0,ZDR-1.97) * max(0,KDP-0.354) + 31.6*max(0,0.0528-KDP) + 26.3*max(0,KDP-0.957) - 25.5*max(0,0.940-RhoHV) + 23.6*max(0,1.97-ZDR) * max(0,0.924-RhoHV) - 23.5*max(0,KDP-1.56) * max(0,KDP-1.26) - 20.1*max(0,1.97-ZDR) * max(0,KDP-1.26) - 20.0*KDP * max(0,KDP-0.957) + 16.7*max(0,1.97-ZDR) * max(0,KDP-0.354) + 12.0*KDP * max(0,0.0528-KDP) - 10.8*max(0,1.97-ZDR) * max(0,0.0528-KDP) - 10.0*max(0,0.972-RhoHV) - 9.50*max(0,KDP-0.957) * max(0,KDP-0.354) + 9.28*KDP * max(0,KDP-0.354) + 9.19*max(0,ZDR-5.35) + 8.07*KDP + 3.75*max(0,1.97-ZDR) - 3.53*max(0,0.849-ZDR) + 2.99*KDP**2 + 2.78*max(0,KDP-0.354) - 2.08*max(0,ZDR-1.97) * KDP - 2.02*max(0,ZDR-4.22) + 1.97*max(0,ZDR-1.97) * max(0,0.0528-KDP) - 1.10*max(0,Z-45.7) + 1.05*max(0,ZDR-1.97) - 0.880*max(0,ZDR-0.849) - 0.875*max(0,ZDR-3.10) - 0.864*max(0,0.655-KDP) - 0.836*max(0,0.957-KDP) + 0.591*max(0,KDP-0.0528) + 0.406*max(0,Z-34.7) - 0.329*max(0,KDP-1.56) * max(0,KDP-0.354) + 0.267*max(0,Z-29.2) + 0.209*max(0,-0.275-ZDR) + 0.145*max(0,23.7-Z) + 0.0869*max(0,Z-23.7) + 0.0765*max(0,40.2-Z) - 0.0261*max(0,KDP-1.56) * KDP - 0.0161*max(0,18.2-Z) + 0.0160*max(0,29.2-Z) + 0.0160*Z + 0.00421*Z**2",-4.1
4,0.9015585955739824,0.849075629200469,0.8881053762745711,3.69213341319511,4.647071983422109,0.3723410791427032,0.4630148553190506,0.3974138899086678,"16.6 + 6.91e4*max(0,0.955-RhoHV) * max(0,KDP-1.35) - 5.03e4*max(0,KDP-1.65) * max(0,RhoHV-0.987) + 3.22e4*max(0,KDP-0.438) * max(0,0.924-RhoHV) - 2.69e4*max(0,KDP-1.65) * max(0,RhoHV-0.971) - 2.08e4*max(0,RhoHV-1.00) * max(0,RhoHV-0.987) + 1.95e4*max(0,KDP-1.35) * max(0,RhoHV-0.987) + 1.61e4*max(0,KDP-0.741) * max(0,0.939-RhoHV) + 1.61e4*max(0,0.939-RhoHV) * max(0,0.924-RhoHV) + 1.11e4*max(0,KDP-1.35) * max(0,RhoHV-0.971) - 1.04e4*max(0,KDP-0.438) * max(0,0.939-RhoHV) - 1.03e4*max(0,0.955-RhoHV) * max(0,0.939-RhoHV) - 6660*max(0,0.955-RhoHV) * max(0,KDP-0.741) + 4802*max(0,KDP-0.741) * max(0,RhoHV-0.987) - 4681*max(0,RhoHV-0.971) * max(0,RhoHV-0.987) - 3810*abs(KDP) * max(0,0.924-RhoHV) + 3030*max(0,KDP-0.438) * max(0,0.955-RhoHV) + 2486*max(0,0.134-KDP) * max(0,RhoHV-1.00) + 2250*max(0,0.134-KDP) * max(0,0.924-RhoHV) + 1810*KDP * max(0,0.924-RhoHV) + 1735*abs(KDP) * max(0,0.939-RhoHV) + 1581*max(0,KDP-0.438) * max(0,RhoHV-0.987) - 1421*max(0,KDP-0.438) * max(0,RhoHV-0.971) - 1228*KDP * max(0,RhoHV-0.987) - 1027*max(0,KDP-0.741) * max(0,RhoHV-0.971) + 860*abs(KDP) * max(0,RhoHV-1.00) - 807*max(0,0.955-RhoHV) * max(0,0.924-RhoHV) + 760*KDP * max(0,RhoHV-0.971) + 678*max(0,0.134-KDP) * max(0,RhoHV-0.987) + 669*abs(KDP) * max(0,RhoHV-0.987) + 586*max(0,KDP-1.65) + 456*max(0,RhoHV-1.00) + 416*max(0,0.134-KDP) * max(0,0.955-RhoHV) + 330*abs(KDP) * max(0,RhoHV-0.971) - 274*max(0,KDP-0.741) * max(0,KDP-1.35) + 200*max(0,0.939-RhoHV) - 181*abs(KDP) * max(0,0.955-RhoHV) - 173*max(0,0.924-RhoHV) + 102*abs(KDP) * max(0,KDP-1.35) - 89.4*max(0,KDP-0.438) * max(0,KDP-0.741) - 73.0*max(0,0.134-KDP) * abs(KDP) + 68.2*abs(KDP) * max(0,KDP-0.438) - 67.3*max(0,0.134-KDP) * max(0,0.939-RhoHV) + 62.7*KDP**2 - 54.0*max(0,KDP-0.438) - 47.5*max(0,KDP-1.65) * max(0,KDP-0.741) - 40.8*max(0,RhoHV-0.971) + 40.5*max(0,RhoHV-0.987) - 39.4*max(0,0.134-KDP) * max(0,RhoHV-0.971) - 37.5*max(0,KDP-1.35) - 30.5*abs(KDP) * max(0,KDP-0.741) - 30.0*max(0,KDP-0.134) - 28.0*max(0,KDP-0.438) * max(0,KDP-1.35) - 20.8*max(0,KDP-0.741) + 17.5*max(0,KDP-1.04) + 16.3*max(0,RhoHV-0.955) - 15.0*max(0,0.955-RhoHV) + 14.5*KDP * max(0,KDP-1.35) + 13.4*max(0,0.134-KDP) + 8.45*KDP - 7.43*max(0,KDP-1.65) * max(0,KDP-0.438) + 5.59*max(0,ZDR-1.97) - 5.06*max(0,KDP-1.65) * abs(KDP) - 4.11*max(0,ZDR-3.10) - 4.05*max(0,0.849-ZDR) + 3.85*max(0,1.97-ZDR) + 3.66*max(0,ZDR-4.22) + 3.40*abs(KDP) - 3.32*max(0,ZDR-5.35) - 1.87*abs(ZDR) + 1.84*max(0,0.741-KDP) + 1.21*max(0,Z-29.2) - 1.05*max(0,ZDR-0.849) - 0.721*max(0,29.2-Z) + 0.655*max(0,Z-34.7) - 0.431*max(0,45.8-Z) + 0.393*max(0,23.7-Z) + 0.358*max(0,-0.275-ZDR) + 0.350*max(0,Z-40.3) + 0.320*max(0,18.2-Z) + 0.105*Z + 0.0567*max(0,Z-23.7) + 0.0536*max(0,Z-45.8) - 0.0193*Z**2",-4.2
5,0.891677788287877,0.790398500218807,0.8627561917848621,3.7958558233320194,5.780612928801654,0.3839245486637375,0.5710088734759289,0.4401338917928345,"12.5 - 1.43e5*max(0,KDP-1.64) * max(0,RhoHV-0.987) - 6.08e4*max(0,KDP-1.33) * max(0,RhoHV-0.987) + 5.57e4*max(0,0.940-RhoHV) * max(0,0.924-RhoHV) + 4.65e4*max(0,0.956-RhoHV) * max(0,KDP-1.33) - 3.48e4*max(0,0.956-RhoHV) * max(0,0.924-RhoHV) - 2.97e4*max(0,0.956-RhoHV) * max(0,0.940-RhoHV) + 2.03e4*max(0,KDP-1.01) * max(0,RhoHV-0.987) + 9258*max(0,KDP-0.386) * max(0,0.924-RhoHV) + 8418*max(0,KDP-1.33) * max(0,RhoHV-0.972) + 6581*max(0,KDP-0.386) * max(0,RhoHV-0.987) - 6180*max(0,KDP-1.64) * max(0,RhoHV-0.972) + 5072*max(0,RhoHV-1.00) * max(0,RhoHV-0.987) - 4960*max(0,RhoHV-0.972) * max(0,RhoHV-0.987) + 3070*max(0,KDP-1.01) * max(0,0.940-RhoHV) - 2621*max(0,0.0720-KDP) * max(0,0.924-RhoHV) + 2326*max(0,KDP-0.386) * max(0,0.940-RhoHV) + 2126*max(0,0.700-KDP) * max(0,0.924-RhoHV) + 1706*max(0,0.700-KDP) * max(0,RhoHV-0.987) - 1546*max(0,0.956-RhoHV) * max(0,KDP-1.01) + 1412*max(0,RhoHV-1.00) * max(0,RhoHV-0.972) - 1399*max(0,0.956-RhoHV) * max(0,KDP-0.386) + 1376*max(0,0.940-RhoHV) - 1259*max(0,KDP-0.386) * max(0,RhoHV-0.972) - 1054*max(0,RhoHV-0.987) - 1035*max(0,0.700-KDP) * max(0,RhoHV-0.972) + 771*max(0,0.956-RhoHV) * max(0,0.0720-KDP) - 715*max(0,0.700-KDP) * max(0,0.940-RhoHV) + 699*max(0,RhoHV-0.972) - 544*max(0,KDP-1.01) * max(0,RhoHV-0.972) + 536*max(0,KDP-1.33) * max(0,KDP-1.64) + 517*max(0,KDP-1.64) + 514*max(0,0.0720-KDP) * max(0,RhoHV-1.00) - 259*max(0,0.924-RhoHV) - 199*max(0,0.0720-KDP) * max(0,RhoHV-0.987) + 143*max(0,0.0720-KDP) * max(0,0.940-RhoHV) - 127*max(0,KDP-1.01) * max(0,KDP-0.386) + 96.2*max(0,KDP-1.01) - 91.0*max(0,0.956-RhoHV) + 76.4*max(0,0.0720-KDP) * max(0,RhoHV-0.972) + 75.7*max(0,KDP-1.01) * max(0,KDP-1.33) - 68.0*max(0,KDP-0.386) * max(0,KDP-1.64) - 65.9*max(0,0.700-KDP) * max(0,KDP-0.386) + 51.0*max(0,0.0720-KDP) - 38.9*max(0,0.700-KDP) * max(0,0.0720-KDP) + 36.3*max(0,0.956-RhoHV) * max(0,0.700-KDP) - 35.3*max(0,KDP-1.01) * max(0,KDP-1.64) - 33.8*max(0,0.700-KDP) + 31.7*KDP**2 - 29.9*max(0,KDP-0.386) * max(0,KDP-1.33) - 24.2*max(0,RhoHV-1.00) - 17.7*max(0,KDP-0.0720) + 14.9*max(0,KDP-0.386) - 10.3*KDP + 7.60*max(0,ZDR-5.35) - 6.48*max(0,ZDR-3.10) + 5.99*max(0,ZDR-1.97) + 5.66*max(0,1.97-ZDR) + 5.23*max(0,1.01-KDP) - 4.63*max(0,0.849-ZDR) - 3.24*max(0,-0.275-ZDR) - 1.81*max(0,ZDR-0.849) - 1.81*max(0,KDP-1.33) + 1.59*max(0,ZDR-4.22) + 0.920*max(0,Z-30.6) + 0.525*max(0,Z-35.8) - 0.385*max(0,Z-41.0) - 0.343*max(0,30.6-Z) - 0.316*max(0,Z-46.1) + 0.314*Z + 0.259*max(0,20.3-Z) + 0.107*max(0,25.5-Z) + 0.0562*max(0,Z-25.5) - 0.0501*max(0,41.0-Z) - 0.00897*Z**2",-4.1
6,0.8839670823222537,0.9020372814209461,0.8898879851398502,3.8327666533259466,4.174770591139466,0.39545095228000693,0.38989349307214916,0.39423555238245006,"-4.78 - 2.80e4*max(0,KDP-1.46) * max(0,RhoHV-0.987) - 1.74e4*max(0,0.940-RhoHV) * max(0,0.956-RhoHV) - 1.69e4*max(0,RhoHV-1.00) * max(0,RhoHV-0.987) + 1.49e4*max(0,0.0308-KDP) * max(0,RhoHV-1.00) + 8965*KDP * max(0,RhoHV-1.00) + 8389*max(0,0.924-RhoHV) * max(0,0.940-RhoHV) + 7471*max(0,KDP-0.317) * max(0,RhoHV-0.987) - 7464*max(0,RhoHV-0.972) * max(0,RhoHV-0.987) + 7234*max(0,KDP-0.317) * max(0,0.924-RhoHV) - 6061*max(0,KDP-1.18) * max(0,0.956-RhoHV) + 3850*max(0,0.924-RhoHV) * max(0,0.956-RhoHV) + 3081*max(0,0.924-RhoHV) * max(0,0.0308-KDP) - 2457*KDP * max(0,RhoHV-0.987) - 2417*max(0,KDP-0.317) * max(0,0.940-RhoHV) - 2161*max(0,0.0308-KDP) * max(0,0.956-RhoHV) + 1958*max(0,KDP-1.18) * max(0,RhoHV-0.972) - 1893*max(0,KDP-0.317) * max(0,RhoHV-0.972) + 1709*max(0,KDP-1.18) * max(0,0.972-RhoHV) + 1432*KDP * max(0,RhoHV-0.972) + 1217*max(0,0.0308-KDP) * max(0,0.972-RhoHV) + 992*max(0,KDP-0.317) * max(0,0.956-RhoHV) + 933*max(0,0.0308-KDP) * max(0,RhoHV-0.972) - 786*KDP * max(0,0.956-RhoHV) + 632*KDP * max(0,0.940-RhoHV) + 614*max(0,0.924-RhoHV) * max(0,0.972-RhoHV) + 572*max(0,0.940-RhoHV) - 451*max(0,KDP-1.18) * max(0,RhoHV-0.987) + 427*max(0,0.0308-KDP) * max(0,RhoHV-0.987) - 329*max(0,0.0308-KDP) * max(0,0.940-RhoHV) + 246*max(0,RhoHV-0.987) + 196*max(0,RhoHV-1.00) + 174*max(0,KDP-0.317) * max(0,0.972-RhoHV) + 141*KDP * max(0,0.972-RhoHV) - 93.1*max(0,KDP-1.18) - 60.4*max(0,RhoHV-0.972) - 60.1*max(0,0.924-RhoHV) + 56.7*max(0,0.956-RhoHV) + 55.4*max(0,KDP-1.18) * max(0,KDP-0.317) + 44.9*max(0,KDP-0.317) * max(0,KDP-1.46) + 37.0*max(0,KDP-0.317) - 31.2*max(0,0.972-RhoHV) + 29.7*KDP * max(0,0.0308-KDP) + 8.98*max(0,0.604-KDP) + 8.69*KDP + 8.34*abs(KDP) - 7.94*KDP**2 + 6.32*max(0,ZDR-5.35) + 6.25*max(0,ZDR-1.97) - 5.84*max(0,ZDR-3.10) + 5.11*max(0,1.97-ZDR) - 4.88*max(0,0.849-ZDR) + 3.11*max(0,KDP-0.890) - 1.31*max(0,Z-45.5) - 1.08*abs(ZDR) - 0.886*max(0,ZDR-0.849) + 0.810*max(0,ZDR-4.22) + 0.653*max(0,Z-34.5) + 0.519*max(0,KDP-0.0308) - 0.467*max(0,1.18-KDP) + 0.289*max(0,0.0308-KDP) + 0.266*max(0,Z-29.1) + 0.253*max(0,23.6-Z) - 0.240*max(0,40.0-Z) - 0.0971*max(0,Z-40.0) - 0.0266*max(0,29.1-Z)",-4.0
7,0.8984589080886528,0.864842192938434,0.888996183738811,3.6768453676055444,4.629874759138973,0.3773813004199127,0.4386476073738968,0.39582879732495746,"3.22 - 2.64e4*max(0,KDP-1.33) * max(0,RhoHV-0.987) - 2.15e4*max(0,KDP-1.64) * max(0,RhoHV-0.972) + 2.06e4*max(0,KDP-1.33) * max(0,0.956-RhoHV) - 2.05e4*max(0,KDP-1.64) * max(0,RhoHV-0.987) - 1.90e4*max(0,0.956-RhoHV) * max(0,0.940-RhoHV) + 1.74e4*max(0,KDP-1.33) * max(0,RhoHV-0.972) + 1.02e4*max(0,0.972-RhoHV) * max(0,0.924-RhoHV) + 9341*max(0,KDP-0.386) * max(0,RhoHV-0.987) + 9292*max(0,0.940-RhoHV) * max(0,0.924-RhoHV) + 9225*max(0,KDP-0.386) * max(0,0.924-RhoHV) + 5352*max(0,0.972-RhoHV) * max(0,KDP-1.33) - 4988*max(0,RhoHV-0.972) * max(0,RhoHV-0.987) + 2970*max(0,KDP-0.386) * max(0,0.940-RhoHV) + 2929*abs(KDP) * max(0,RhoHV-1.00) + 2529*max(0,0.0720-KDP) * max(0,RhoHV-0.987) - 1980*abs(KDP) * max(0,RhoHV-0.987) - 1914*max(0,KDP-0.386) * max(0,RhoHV-0.972) - 1543*abs(KDP) * max(0,0.924-RhoHV) - 1205*max(0,0.0720-KDP) * max(0,RhoHV-0.972) + 1189*abs(KDP) * max(0,0.940-RhoHV) - 1109*max(0,KDP-0.386) * max(0,0.956-RhoHV) + 1083*max(0,0.0720-KDP) * max(0,RhoHV-1.00) + 1074*abs(KDP) * max(0,RhoHV-0.972) + 935*max(0,KDP-1.64) * max(0,KDP-1.33) - 663*abs(KDP) * max(0,0.956-RhoHV) + 465*max(0,0.940-RhoHV) + 316*max(0,0.0720-KDP) * max(0,0.924-RhoHV) + 263*max(0,0.0720-KDP) * max(0,0.956-RhoHV) - 210*max(0,KDP-1.64) + 161*abs(KDP) * max(0,0.972-RhoHV) - 151*max(0,0.924-RhoHV) + 104*max(0,KDP-0.386) * max(0,0.972-RhoHV) + 84.9*max(0,RhoHV-0.987) - 64.1*max(0,KDP-0.386) * max(0,KDP-1.33) - 54.8*abs(KDP) * max(0,0.0720-KDP) - 44.9*abs(KDP) * max(0,KDP-1.33) + 40.5*max(0,0.956-RhoHV) - 39.6*max(0,KDP-1.33) - 26.9*max(0,KDP-0.700) + 22.0*KDP**2 + 18.7*max(0,RhoHV-0.956) + 15.3*max(0,KDP-0.386) + 12.1*max(0,0.0720-KDP) - 6.84*max(0,ZDR-3.10) + 6.57*max(0,ZDR-1.97) + 5.27*max(0,KDP-1.01) - 4.25*max(0,0.849-ZDR) + 4.15*max(0,1.97-ZDR) + 3.54*max(0,ZDR-4.22) + 3.04*abs(KDP) + 2.14*max(0,ZDR-5.35) - 1.93*max(0,RhoHV-0.972) - 1.71*abs(ZDR) - 1.49*max(0,0.700-KDP) + 1.27*abs(KDP) * max(0,KDP-0.386) + 0.966*KDP - 0.962*max(0,ZDR-0.849) - 0.658*max(0,Z-45.8) + 0.591*max(0,Z-34.7) - 0.342*max(0,40.3-Z) + 0.294*max(0,23.7-Z) - 0.194*max(0,0.972-RhoHV) + 0.184*max(0,Z-29.2) + 0.141*max(0,18.2-Z) - 0.0144*max(0,Z-23.7)",-4.0
8,0.8982221238426066,0.7737526542775498,0.8666966374746936,3.7607600238719967,5.65783299859875,0.3738416093467921,0.5890103135936118,0.4337694722788753,"6.77 - 1.62e5*max(0,KDP-1.46) * max(0,RhoHV-0.987) + 5.23e4*max(0,KDP-1.46) * max(0,RhoHV-0.972) - 7899*max(0,RhoHV-0.972) * max(0,RhoHV-0.987) + 6318*max(0,KDP-0.317) * max(0,RhoHV-0.987) - 5699*max(0,RhoHV-1.00) * max(0,RhoHV-0.987) + 3790*max(0,0.0308-KDP) * max(0,0.940-RhoHV) - 3503*max(0,0.972-RhoHV) * max(0,0.940-RhoHV) + 2959*max(0,0.972-RhoHV) * max(0,0.956-RhoHV) - 2161*max(0,KDP-0.317) * max(0,RhoHV-0.972) + 2048*max(0,0.604-KDP) * max(0,RhoHV-0.987) + 1897*abs(KDP) * max(0,RhoHV-0.972) - 1832*max(0,0.0308-KDP) * max(0,RhoHV-0.972) + 1829*max(0,0.0308-KDP) * max(0,RhoHV-0.987) - 1499*abs(KDP) * max(0,0.956-RhoHV) - 1448*max(0,0.0308-KDP) * max(0,0.956-RhoHV) - 1410*max(0,0.604-KDP) * max(0,0.940-RhoHV) + 1354*max(0,ZDR-1.97) * max(0,RhoHV-0.987) - 1219*max(0,0.0308-KDP) * max(0,RhoHV-1.00) + 1159*max(0,0.0308-KDP) * max(0,0.972-RhoHV) - 985*max(0,RhoHV-0.987) - 836*max(0,ZDR-1.97) * max(0,RhoHV-0.972) + 813*max(0,KDP-0.317) * max(0,0.956-RhoHV) + 742*max(0,0.940-RhoHV) + 658*max(0,0.604-KDP) * max(0,RhoHV-1.00) + 642*max(0,ZDR-1.97) * max(0,0.956-RhoHV) - 524*max(0,ZDR-1.97) * max(0,0.972-RhoHV) - 492*abs(KDP) * max(0,RhoHV-0.987) + 454*abs(KDP) * max(0,RhoHV-1.00) - 449*max(0,KDP-0.317) * max(0,KDP-1.46) + 428*max(0,0.604-KDP) * max(0,RhoHV-0.972) - 358*max(0,KDP-0.317) * max(0,0.940-RhoHV) - 351*max(0,0.604-KDP) * max(0,0.956-RhoHV) - 288*max(0,RhoHV-0.972) + 241*max(0,0.956-RhoHV) + 215*max(0,KDP-0.317) * max(0,0.972-RhoHV) + 183*max(0,KDP-1.46) - 124*max(0,0.604-KDP) * max(0,0.972-RhoHV) - 113*max(0,ZDR-1.97) * max(0,0.940-RhoHV) + 90.8*max(0,RhoHV-1.00) + 64.5*max(0,0.972-RhoHV) + 57.8*max(0,KDP-0.317) + 39.1*max(0,0.604-KDP) * max(0,0.0308-KDP) + 35.4*max(0,KDP-0.890) + 35.0*KDP - 31.3*max(0,0.604-KDP) * max(0,KDP-0.317) - 30.5*KDP**2 + 29.3*max(0,ZDR-1.97) * max(0,0.0308-KDP) + 28.9*max(0,0.0308-KDP) - 22.5*abs(KDP) - 18.3*max(0,0.924-RhoHV) + 13.7*max(0,ZDR-5.35) + 12.7*max(0,ZDR-1.97) + 10.3*max(0,ZDR-1.97) * max(0,KDP-0.317) - 6.75*max(0,ZDR-4.22) - 5.05*max(0,0.604-KDP) - 3.42*max(0,0.849-ZDR) + 2.87*max(0,1.97-ZDR) + 2.33*max(0,-0.275-ZDR) - 2.11*abs(ZDR) - 1.77*max(0,ZDR-0.849) + 0.652*max(0,Z-35.6) - 0.454*max(0,ZDR-3.10) + 0.400*max(0,ZDR-1.97) * max(0,0.604-KDP) - 0.316*max(0,40.7-Z) + 0.234*max(0,Z-30.5) - 0.195*max(0,Z-40.7) - 0.191*max(0,Z-45.8) + 0.139*max(0,20.3-Z) + 0.128*max(0,25.4-Z)",-4.1
9,0.8945909585830012,0.42242939380300304,0.7909062679706059,3.913467599608365,8.414218848000067,0.3901186580397772,0.8683008167296579,0.5432615131874493,"-16.3 - 5.61e4*max(0,KDP-1.33) * max(0,RhoHV-0.987) + 2.15e4*max(0,KDP-1.64) * max(0,RhoHV-0.987) + 2.02e4*max(0,KDP-1.33) * max(0,RhoHV-0.971) - 1.89e4*max(0,KDP-1.01) * max(0,0.955-RhoHV) + 1.64e4*max(0,0.924-RhoHV) * KDP + 1.57e4*max(0,0.924-RhoHV) * max(0,0.386-KDP) - 1.49e4*max(0,RhoHV-0.971) * max(0,RhoHV-0.987) - 1.46e4*max(0,0.939-RhoHV) * max(0,0.955-RhoHV) + 1.20e4*max(0,KDP-1.33) * max(0,0.971-RhoHV) + 1.09e4*max(0,0.955-RhoHV) * max(0,0.971-RhoHV) + 8697*max(0,KDP-1.01) * max(0,RhoHV-0.987) - 6062*max(0,0.924-RhoHV) + 5871*max(0,0.386-KDP) * max(0,RhoHV-0.987) + 5470*max(0,0.924-RhoHV) * max(0,0.939-RhoHV) - 5385*max(0,0.939-RhoHV) * max(0,0.971-RhoHV) + 4296*KDP * max(0,RhoHV-0.987) + 4009*max(0,0.924-RhoHV) * max(0,0.971-RhoHV) - 2073*max(0,KDP-1.64) * max(0,RhoHV-0.971) - 1845*max(0,0.924-RhoHV) * abs(KDP) - 1830*max(0,RhoHV-0.987) - 1804*max(0,0.386-KDP) * max(0,RhoHV-0.971) + 1796*max(0,0.924-RhoHV) * max(0,0.955-RhoHV) - 1760*abs(KDP) * max(0,0.955-RhoHV) - 1717*max(0,KDP-1.01) * max(0,RhoHV-0.971) - 1689*max(0,KDP-1.01) * max(0,0.971-RhoHV) - 1576*KDP * max(0,0.939-RhoHV) + 1401*abs(KDP) * max(0,0.939-RhoHV) - 1281*KDP * max(0,RhoHV-0.971) + 1186*abs(KDP) * max(0,0.971-RhoHV) + 915*abs(KDP) * max(0,RhoHV-0.971) + 845*KDP * max(0,0.955-RhoHV) - 688*max(0,0.386-KDP) * max(0,0.939-RhoHV) + 630*max(0,RhoHV-0.971) + 559*max(0,RhoHV-1.00) - 507*KDP * max(0,0.971-RhoHV) + 464*max(0,0.939-RhoHV) + 389*max(0,KDP-1.64) * max(0,KDP-1.33) + 351*max(0,KDP-1.01) * max(0,KDP-1.33) - 291*max(0,KDP-1.64) + 258*max(0,0.386-KDP) * max(0,0.971-RhoHV) + 202*max(0,KDP-1.01) - 163*max(0,0.955-RhoHV) - 158*abs(KDP) * max(0,RhoHV-0.987) - 152*max(0,0.386-KDP) * max(0,0.955-RhoHV) - 144*max(0,0.971-RhoHV) - 129*KDP * max(0,KDP-1.33) + 123*max(0,0.117-ZDR) * max(0,0.955-RhoHV) - 117*max(0,0.117-ZDR) * max(0,0.971-RhoHV) + 112*max(0,0.117-ZDR) * max(0,RhoHV-0.987) - 86.9*max(0,KDP-1.01) * KDP - 81.2*max(0,0.117-ZDR) * max(0,RhoHV-0.971) - 72.0*abs(KDP) * max(0,KDP-1.01) - 59.3*max(0,KDP-1.64) * KDP - 47.9*max(0,KDP-0.700) - 34.8*abs(KDP) * max(0,KDP-1.33) - 34.3*max(0,KDP-1.33) + 30.2*max(0,KDP-1.64) * max(0,KDP-1.01) + 26.5*KDP**2 + 22.9*abs(KDP) * KDP - 14.2*max(0,KDP-1.64) * abs(KDP) - 11.5*max(0,0.117-ZDR) - 9.93*max(0,0.0720-KDP) + 9.93*max(0,ZDR-4.35) - 9.74*max(0,ZDR-3.29) + 7.54*max(0,2.23-ZDR) - 6.92*abs(KDP) + 4.96*max(0,0.386-KDP) + 4.73*max(0,ZDR-2.23) + 4.14*abs(ZDR) - 3.41*max(0,ZDR-1.18) - 3.08*max(0,KDP-0.386) - 2.58*max(0,ZDR-5.41) + 2.46*abs(KDP) * max(0,0.386-KDP) - 1.73*KDP + 1.53*max(0,Z-34.7) + 1.48*max(0,0.386-KDP) * KDP - 0.754*max(0,34.7-Z) - 0.471*max(0,Z-40.3) + 0.415*Z + 0.344*max(0,23.7-Z) + 0.335*max(0,29.2-Z) - 0.233*max(0,Z-45.8) + 0.176*max(0,40.3-Z) + 0.0965*max(0,18.2-Z) + 0.0375*max(0,Z-29.2) - 0.0105*max(0,Z-23.7) - 0.00784*Z**2",-4.2
